<mockup version="1.0" skin="sketch" measuredW="1026" measuredH="729" mockupW="959" mockupH="721">
  <controls>
    <control controlID="153" controlTypeID="com.balsamiq.mockups::BrowserWindow" x="67" y="8" w="959" h="721" measuredW="450" measuredH="400" zOrder="0" locked="false" isInGroup="-1">
      <controlProperties>
        <text>A%20Web%20Page%0Ahttp%3A//</text>
      </controlProperties>
    </control>
    <control controlID="154" controlTypeID="com.balsamiq.mockups::MenuBar" x="83" y="99" w="-1" h="-1" measuredW="535" measuredH="29" zOrder="1" locked="false" isInGroup="-1">
      <controlProperties>
        <selectedIndex>5</selectedIndex>
        <text>Magazyn%2C%20Archiwum%2C%20Historia%20operacji%2C%20Faktury%2C%20Reklamacje%2C%20Administracja</text>
      </controlProperties>
    </control>
    <control controlID="155" controlTypeID="com.balsamiq.mockups::ComboBox" x="630" y="103" w="104" h="-1" measuredW="74" measuredH="23" zOrder="2" locked="false" isInGroup="-1">
      <controlProperties>
        <text>Suszec</text>
      </controlProperties>
    </control>
    <control controlID="156" controlTypeID="com.balsamiq.mockups::TextInput" x="747" y="99" w="-1" h="-1" measuredW="99" measuredH="27" zOrder="3" locked="false" isInGroup="-1">
      <controlProperties>
        <text>Szukaj%20po%20IMEI</text>
      </controlProperties>
    </control>
    <control controlID="187" controlTypeID="com.balsamiq.mockups::TabBar" x="83" y="178" w="882" h="431" measuredW="226" measuredH="100" zOrder="4" locked="false" isInGroup="-1">
      <controlProperties>
        <selectedIndex>0</selectedIndex>
        <text>U%u017Cytkownicy%2C%20Sklepy</text>
      </controlProperties>
    </control>
    <control controlID="188" controlTypeID="com.balsamiq.mockups::DataGrid" x="108" y="235" w="821" h="192" measuredW="550" measuredH="145" zOrder="5" locked="false" isInGroup="-1">
      <controlProperties>
        <text>Imi%u0119%2C%20Nazwisko%2C%20Email%2C%20Administrator%2C%20Suszec%2C%20Katowice%2C%20Pozna%u0144%0AGrzegorz%2C%20Kuczera%2C%20gk@gmail.com%2C%20%5B%5D%20%2C%20%5Bx%5D%2C%20%5Bx%5D%2C%20%5Bx%5D%0AKrzy%u015B%2C%20Mika%2C%20krzysiek@onet.com%2C%20%5Bx%5D%2C%20%5Bx%5D%2C%20%5Bx%5D%2C%20%5Bx%5D%0AAdam%2C%20Niemy%2C%20adam@gmail.com%2C%20%5Bx%5D%2C%20%5Bx%5D%2C%20%5Bx%5D%2C%20%5Bx%5D%0AAnna%2C%20Krystek%2C%20ak@gmail.com%2C%20%5B%5D%20%2C%20%5Bx%5D%2C%20%5B%5D%2C%20%5Bx%5D</text>
      </controlProperties>
    </control>
    <control controlID="189" controlTypeID="com.balsamiq.mockups::TextInput" x="108" y="475" w="98" h="-1" measuredW="38" measuredH="27" zOrder="6" locked="false" isInGroup="-1">
      <controlProperties>
        <text>Imi%u0119</text>
      </controlProperties>
    </control>
    <control controlID="190" controlTypeID="com.balsamiq.mockups::TextInput" x="206" y="474" w="112" h="-1" measuredW="67" measuredH="27" zOrder="7" locked="false" isInGroup="-1">
      <controlProperties>
        <text>Nazwisko</text>
      </controlProperties>
    </control>
    <control controlID="191" controlTypeID="com.balsamiq.mockups::TextInput" x="318" y="474" w="196" h="-1" measuredW="44" measuredH="27" zOrder="8" locked="false" isInGroup="-1">
      <controlProperties>
        <text>Email</text>
      </controlProperties>
    </control>
    <control controlID="194" controlTypeID="com.balsamiq.mockups::Button" x="535" y="475" w="83" h="27" measuredW="57" measuredH="27" zOrder="9" locked="false" isInGroup="-1">
      <controlProperties>
        <text>Dodaj</text>
      </controlProperties>
    </control>
  </controls>
</mockup>
