<mockup version="1.0" skin="sketch" measuredW="1011" measuredH="656" mockupW="959" mockupH="652">
  <controls>
    <control controlID="153" controlTypeID="com.balsamiq.mockups::BrowserWindow" x="52" y="4" w="959" h="652" measuredW="450" measuredH="400" zOrder="0" locked="false" isInGroup="-1">
      <controlProperties>
        <text>A%20Web%20Page%0Ahttp%3A//</text>
      </controlProperties>
    </control>
    <control controlID="154" controlTypeID="com.balsamiq.mockups::MenuBar" x="83" y="99" w="-1" h="-1" measuredW="535" measuredH="29" zOrder="1" locked="false" isInGroup="-1">
      <controlProperties>
        <selectedIndex>3</selectedIndex>
        <text>Magazyn%2C%20Archiwum%2C%20Historia%20operacji%2C%20Faktury%2C%20Reklamacje%2C%20Administracja</text>
      </controlProperties>
    </control>
    <control controlID="155" controlTypeID="com.balsamiq.mockups::ComboBox" x="630" y="103" w="104" h="-1" measuredW="74" measuredH="23" zOrder="2" locked="false" isInGroup="-1">
      <controlProperties>
        <text>Suszec</text>
      </controlProperties>
    </control>
    <control controlID="156" controlTypeID="com.balsamiq.mockups::TextInput" x="747" y="99" w="-1" h="-1" measuredW="99" measuredH="27" zOrder="3" locked="false" isInGroup="-1">
      <controlProperties>
        <text>Szukaj%20po%20IMEI</text>
      </controlProperties>
    </control>
    <control controlID="157" controlTypeID="com.balsamiq.mockups::DataGrid" x="83" y="201" w="897" h="210" measuredW="668" measuredH="145" zOrder="4" locked="false" isInGroup="-1">
      <controlProperties>
        <rowHeight>30</rowHeight>
        <text>%20%20%2C%20Odbiorca%2C%20Cena%20zakupu%20%28suma%29%2C%20Cena%20sprzeda%u017Cy%28suma%29%2C%20Kto%20zrealizowa%u0142%2C%20Data%20realizacji%0A%20%20%2C%20Biuro%20Pozna%u0144%2C%20%203400.00%20%24%2C%20%204700.00%20%24%2C%20Tomek%2C%202011-10-09%2C%20%5Bwi%u0119cej%5D%0A%20%20%2C%20Biuro%20Pozna%u0144%2C%20%205400.00%20%24%2C%20%207700.00%20%24%2C%20Grze%u015B%2C%202011-10-10%2C%20%5Bwi%u0119cej%5D%0A%20%20%2C%20Biuro%20Katowice%2C%20%204400.00%20%24%2C%20%204800.00%20%24%2C%20Grze%u015B%2C%202011-11-06%2C%20%5Bwi%u0119cej%5D%0A%20%20%2C%20Biuro%20Katowice%2C%20%202100.00%20%24%2C%20%204400.00%20%24%2C%20Adam%2C%202011-11-01%2C%20%5Bwi%u0119cej%5D</text>
        <verticalScrollbar>true</verticalScrollbar>
      </controlProperties>
    </control>
    <control controlID="158" controlTypeID="com.balsamiq.mockups::PointyButton" x="895" y="225" w="-1" h="-1" measuredW="61" measuredH="27" zOrder="5" locked="false" isInGroup="-1">
      <controlProperties>
        <text>Wiecej</text>
      </controlProperties>
    </control>
    <control controlID="159" controlTypeID="com.balsamiq.mockups::PointyButton" x="895" y="258" w="-1" h="-1" measuredW="61" measuredH="27" zOrder="6" locked="false" isInGroup="-1">
      <controlProperties>
        <text>Wiecej</text>
      </controlProperties>
    </control>
    <control controlID="160" controlTypeID="com.balsamiq.mockups::PointyButton" x="895" y="287" w="-1" h="-1" measuredW="61" measuredH="27" zOrder="7" locked="false" isInGroup="-1">
      <controlProperties>
        <text>Wiecej</text>
      </controlProperties>
    </control>
    <control controlID="161" controlTypeID="com.balsamiq.mockups::PointyButton" x="895" y="316" w="-1" h="-1" measuredW="61" measuredH="27" zOrder="8" locked="false" isInGroup="-1">
      <controlProperties>
        <text>Wiecej</text>
      </controlProperties>
    </control>
    <control controlID="162" controlTypeID="com.balsamiq.mockups::Button" x="83" y="446" w="170" h="27" measuredW="154" measuredH="27" zOrder="9" locked="false" isInGroup="-1">
      <controlProperties>
        <text>Wystaw%20podsumowanie</text>
      </controlProperties>
    </control>
    <control controlID="163" controlTypeID="com.balsamiq.mockups::CheckBox" x="89" y="228" w="18" h="22" measuredW="26" measuredH="22" zOrder="10" locked="false" isInGroup="-1">
      <controlProperties>
        <text/>
      </controlProperties>
    </control>
    <control controlID="164" controlTypeID="com.balsamiq.mockups::CheckBox" x="89" y="261" w="18" h="22" measuredW="26" measuredH="22" zOrder="11" locked="false" isInGroup="-1">
      <controlProperties>
        <text/>
      </controlProperties>
    </control>
    <control controlID="165" controlTypeID="com.balsamiq.mockups::CheckBox" x="89" y="290" w="17" h="22" measuredW="26" measuredH="22" zOrder="12" locked="false" isInGroup="-1">
      <controlProperties>
        <text/>
      </controlProperties>
    </control>
    <control controlID="166" controlTypeID="com.balsamiq.mockups::CheckBox" x="89" y="317" w="18" h="22" measuredW="26" measuredH="22" zOrder="13" locked="false" isInGroup="-1">
      <controlProperties>
        <text/>
      </controlProperties>
    </control>
  </controls>
</mockup>
