<mockup version="1.0" skin="sketch" measuredW="1016" measuredH="634" mockupW="959" mockupH="634">
  <controls>
    <control controlID="116" controlTypeID="com.balsamiq.mockups::BrowserWindow" x="57" y="0" w="959" h="634" measuredW="450" measuredH="400" zOrder="0" locked="false" isInGroup="-1">
      <controlProperties>
        <text>A%20Web%20Page%0Ahttp%3A//</text>
      </controlProperties>
    </control>
    <control controlID="117" controlTypeID="com.balsamiq.mockups::MenuBar" x="83" y="102" w="-1" h="-1" measuredW="535" measuredH="29" zOrder="1" locked="false" isInGroup="-1">
      <controlProperties>
        <selectedIndex>2</selectedIndex>
        <text>Magazyn%2C%20Archwium%2C%20Historia%20operacji%2C%20Faktury%2C%20Reklamacje%2C%20Administracja</text>
      </controlProperties>
    </control>
    <control controlID="118" controlTypeID="com.balsamiq.mockups::ComboBox" x="630" y="103" w="81" h="-1" measuredW="75" measuredH="23" zOrder="2" locked="false" isInGroup="-1">
      <controlProperties>
        <text>Pozna%u0144</text>
      </controlProperties>
    </control>
    <control controlID="119" controlTypeID="com.balsamiq.mockups::TextInput" x="734" y="102" w="-1" h="-1" measuredW="99" measuredH="27" zOrder="3" locked="false" isInGroup="-1">
      <controlProperties>
        <text>Szukaj%20po%20IMEI</text>
      </controlProperties>
    </control>
    <control controlID="121" controlTypeID="com.balsamiq.mockups::DataGrid" x="71" y="226" w="909" h="250" measuredW="578" measuredH="175" zOrder="4" locked="false" isInGroup="-1">
      <controlProperties>
        <rowHeight>30</rowHeight>
        <text>U%u017Cytkownik%2C%20Data%2C%20Czas%2C%20Modu%u0142%2C%20Dzia%u0142anie%0AGrze%u015B%2C%2011.11.2011%2C%2013%3A46%2C%20Magazyn%2C%20Przyj%u0119cie%20dostawy%20od%20Adam%20Z.%2C%20%20%20%20%20%20%20%20%20%0ATomasz%2C%206.7.2011%2C%208%3A45%2C%20Reklamacje%2C%20Przyj%u0119cie%20reklamacji%20od%20klienta%20Anna%20F.%2C%20%20%20%20%20%20%20%20%20%0AAdam%2C%2025.1.2011%2C%2015%3A25%2C%20Magazyn%2C%20Dodanie%20produktu%2C%20%20%20%20%20%20%20%20%20%0AEryk%2C%201.6.2011%2C%200%3A20%2C%20Archwium%2C%20Wys%u0142anie%20telefon%F3w%20do%20klienta%2C%20%20%20%20%20%20%20%20%20%0ATomasz%2C%2011.11.2011%2C%2012%3A00%2C%20Administracja%2C%20Dodanie%20konta%20u%u017Cytkownika%2C%20%20%20%20%20%20%20%20%20</text>
        <verticalScrollbar>true</verticalScrollbar>
      </controlProperties>
    </control>
    <control controlID="125" controlTypeID="com.balsamiq.mockups::FieldSet" x="71" y="157" w="897" h="54" measuredW="200" measuredH="170" zOrder="5" locked="false" isInGroup="-1">
      <controlProperties>
        <backgroundAlpha>0</backgroundAlpha>
        <text>przeszukiwanie</text>
      </controlProperties>
    </control>
    <control controlID="126" controlTypeID="com.balsamiq.mockups::ComboBox" x="83" y="174" w="108" h="-1" measuredW="95" measuredH="23" zOrder="6" locked="false" isInGroup="-1">
      <controlProperties>
        <text>U%u017Cytkownik</text>
      </controlProperties>
    </control>
    <control controlID="127" controlTypeID="com.balsamiq.mockups::ComboBox" x="191" y="174" w="112" h="-1" measuredW="59" measuredH="23" zOrder="7" locked="false" isInGroup="-1">
      <controlProperties>
        <text>Data</text>
      </controlProperties>
    </control>
    <control controlID="128" controlTypeID="com.balsamiq.mockups::ComboBox" x="375" y="175" w="126" h="-1" measuredW="67" measuredH="23" zOrder="8" locked="false" isInGroup="-1">
      <controlProperties>
        <text>Modu%u0142</text>
      </controlProperties>
    </control>
    <control controlID="129" controlTypeID="com.balsamiq.mockups::ComboBox" x="303" y="174" w="72" h="-1" measuredW="62" measuredH="23" zOrder="9" locked="false" isInGroup="-1">
      <controlProperties>
        <text>Czas</text>
      </controlProperties>
    </control>
    <control controlID="130" controlTypeID="com.balsamiq.mockups::TextInput" x="511" y="172" w="322" h="-1" measuredW="58" measuredH="27" zOrder="10" locked="false" isInGroup="-1">
      <controlProperties>
        <text>Szukaj..</text>
      </controlProperties>
    </control>
    <control controlID="131" controlTypeID="com.balsamiq.mockups::Button" x="862" y="175" w="91" h="28" measuredW="60" measuredH="27" zOrder="11" locked="false" isInGroup="-1">
      <controlProperties>
        <text>szukaj</text>
      </controlProperties>
    </control>
    <control controlID="132" controlTypeID="com.balsamiq.mockups::PointyButton" x="895" y="250" w="-1" h="-1" measuredW="58" measuredH="27" zOrder="12" locked="false" isInGroup="-1">
      <controlProperties>
        <text>wi%u0119cej</text>
      </controlProperties>
    </control>
    <control controlID="133" controlTypeID="com.balsamiq.mockups::PointyButton" x="895" y="277" w="-1" h="-1" measuredW="58" measuredH="27" zOrder="13" locked="false" isInGroup="-1">
      <controlProperties>
        <text>wi%u0119cej</text>
      </controlProperties>
    </control>
    <control controlID="134" controlTypeID="com.balsamiq.mockups::PointyButton" x="895" y="311" w="-1" h="-1" measuredW="58" measuredH="27" zOrder="14" locked="false" isInGroup="-1">
      <controlProperties>
        <text>wi%u0119cej</text>
      </controlProperties>
    </control>
    <control controlID="135" controlTypeID="com.balsamiq.mockups::PointyButton" x="895" y="337" w="-1" h="-1" measuredW="58" measuredH="27" zOrder="15" locked="false" isInGroup="-1">
      <controlProperties>
        <text>wi%u0119cej</text>
      </controlProperties>
    </control>
    <control controlID="136" controlTypeID="com.balsamiq.mockups::PointyButton" x="895" y="370" w="-1" h="-1" measuredW="58" measuredH="27" zOrder="16" locked="false" isInGroup="-1">
      <controlProperties>
        <text>wi%u0119cej</text>
      </controlProperties>
    </control>
  </controls>
</mockup>
