<mockup version="1.0" skin="sketch" measuredW="1016" measuredH="652" mockupW="959" mockupH="652">
  <controls>
    <control controlID="65" controlTypeID="com.balsamiq.mockups::BrowserWindow" x="57" y="0" w="959" h="652" measuredW="450" measuredH="400" zOrder="0" locked="false" isInGroup="-1">
      <controlProperties>
        <text>A%20Web%20Page%0Ahttp%3A//</text>
      </controlProperties>
    </control>
    <control controlID="66" controlTypeID="com.balsamiq.mockups::MenuBar" x="83" y="99" w="-1" h="-1" measuredW="535" measuredH="29" zOrder="1" locked="false" isInGroup="-1">
      <controlProperties>
        <selectedIndex>0</selectedIndex>
        <text>Magazyn%2C%20Archiwum%2C%20Historia%20operacji%2C%20Faktury%2C%20Reklamacje%2C%20Administracja</text>
      </controlProperties>
    </control>
    <control controlID="67" controlTypeID="com.balsamiq.mockups::ComboBox" x="630" y="103" w="104" h="-1" measuredW="74" measuredH="23" zOrder="2" locked="false" isInGroup="-1">
      <controlProperties>
        <text>Suszec</text>
      </controlProperties>
    </control>
    <control controlID="70" controlTypeID="com.balsamiq.mockups::TextInput" x="747" y="99" w="-1" h="-1" measuredW="99" measuredH="27" zOrder="3" locked="false" isInGroup="-1">
      <controlProperties>
        <text>Szukaj%20po%20IMEI</text>
      </controlProperties>
    </control>
    <control controlID="74" controlTypeID="com.balsamiq.mockups::DataGrid" x="83" y="201" w="897" h="250" measuredW="702" measuredH="145" zOrder="4" locked="false" isInGroup="-1">
      <controlProperties>
        <rowHeight>30</rowHeight>
        <text>%20%20%2C%20Marka%2C%20Model%2C%20Kolor%2C%20Dostawca%2C%20Cena%20zakupu%2C%20Cena%20sprzeda%u017Cy%2C%20IMEI%2C%20Data%20WE%2C%20%0A%20%20%2C%20Nokia%2C%20551%2C%20Czarny%2C%20Arnold%2C%20%2034.00%20%24%2C%20%2047.00%20%24%2C%2066345678923%2C%202011-10-10%2C%20%5Bwi%u0119cej%5D%0A%20%20%2C%20Apple%2C%20Iphone%2C%20Bialy%2C%20Arnold%2C%20%2054.00%20%24%2C%20%2077.00%20%24%2C%201345476445%2C%202011-10-01%2C%20%5Bwi%u0119cej%5D%0A%20%20%2C%20Nokia%2C%203311%2C%20Inny%2C%20Arnold%2C%20%2044.00%20%24%2C%20%2048.00%20%24%2C%205675667899%2C%202011-09-11%2C%20%5Bwi%u0119cej%5D%0A%20%20%2C%20Apple%2C%20Iphone%2C%20Bialy%2C%20Arnold%2C%20%2021.00%20%24%2C%20%2044.00%20%24%2C%2078345667895%2C%202011-11-1%2C%20%5Bwi%u0119cej%5D</text>
        <verticalScrollbar>true</verticalScrollbar>
      </controlProperties>
    </control>
    <control controlID="80" controlTypeID="com.balsamiq.mockups::PointyButton" x="895" y="227" w="-1" h="-1" measuredW="61" measuredH="27" zOrder="5" locked="false" isInGroup="-1">
      <controlProperties>
        <text>Wiecej</text>
      </controlProperties>
    </control>
    <control controlID="81" controlTypeID="com.balsamiq.mockups::PointyButton" x="895" y="261" w="-1" h="-1" measuredW="61" measuredH="27" zOrder="6" locked="false" isInGroup="-1">
      <controlProperties>
        <text>Wiecej</text>
      </controlProperties>
    </control>
    <control controlID="82" controlTypeID="com.balsamiq.mockups::PointyButton" x="895" y="288" w="-1" h="-1" measuredW="61" measuredH="27" zOrder="7" locked="false" isInGroup="-1">
      <controlProperties>
        <text>Wiecej</text>
      </controlProperties>
    </control>
    <control controlID="83" controlTypeID="com.balsamiq.mockups::PointyButton" x="895" y="312" w="-1" h="-1" measuredW="61" measuredH="27" zOrder="8" locked="false" isInGroup="-1">
      <controlProperties>
        <text>Wiecej</text>
      </controlProperties>
    </control>
    <control controlID="93" controlTypeID="com.balsamiq.mockups::Button" x="83" y="503" w="116" h="27" measuredW="107" measuredH="27" zOrder="9" locked="false" isInGroup="-1">
      <controlProperties>
        <text>Nowa%20dostawa</text>
      </controlProperties>
    </control>
    <control controlID="94" controlTypeID="com.balsamiq.mockups::CheckBox" x="89" y="229" w="18" h="22" measuredW="26" measuredH="22" zOrder="10" locked="false" isInGroup="-1">
      <controlProperties>
        <text/>
      </controlProperties>
    </control>
    <control controlID="95" controlTypeID="com.balsamiq.mockups::CheckBox" x="89" y="261" w="18" h="22" measuredW="26" measuredH="22" zOrder="11" locked="false" isInGroup="-1">
      <controlProperties>
        <text/>
      </controlProperties>
    </control>
    <control controlID="96" controlTypeID="com.balsamiq.mockups::CheckBox" x="89" y="290" w="17" h="22" measuredW="26" measuredH="22" zOrder="12" locked="false" isInGroup="-1">
      <controlProperties>
        <text/>
      </controlProperties>
    </control>
    <control controlID="97" controlTypeID="com.balsamiq.mockups::CheckBox" x="89" y="317" w="18" h="22" measuredW="26" measuredH="22" zOrder="13" locked="false" isInGroup="-1">
      <controlProperties>
        <text/>
      </controlProperties>
    </control>
    <control controlID="98" controlTypeID="com.balsamiq.mockups::Button" x="229" y="504" w="130" h="26" measuredW="114" measuredH="27" zOrder="14" locked="false" isInGroup="-1">
      <controlProperties>
        <text>Wy%u015Blij%20do%20klienta</text>
      </controlProperties>
    </control>
    <control controlID="99" controlTypeID="com.balsamiq.mockups::Button" x="400" y="503" w="-1" h="-1" measuredW="115" measuredH="27" zOrder="15" locked="false" isInGroup="-1">
      <controlProperties>
        <text>Zmie%u0144%20magazyn</text>
      </controlProperties>
    </control>
  </controls>
</mockup>
