<mockup version="1.0" skin="sketch" measuredW="1016" measuredH="652" mockupW="959" mockupH="652">
  <controls>
    <control controlID="195" controlTypeID="com.balsamiq.mockups::BrowserWindow" x="57" y="0" w="959" h="652" measuredW="450" measuredH="400" zOrder="0" locked="false" isInGroup="-1">
      <controlProperties>
        <text>A%20Web%20Page%0Ahttp%3A//</text>
      </controlProperties>
    </control>
    <control controlID="196" controlTypeID="com.balsamiq.mockups::MenuBar" x="83" y="99" w="-1" h="-1" measuredW="535" measuredH="29" zOrder="1" locked="false" isInGroup="-1">
      <controlProperties>
        <selectedIndex>0</selectedIndex>
        <text>Magazyn%2C%20Archiwum%2C%20Historia%20operacji%2C%20Faktury%2C%20Reklamacje%2C%20Administracja</text>
      </controlProperties>
    </control>
    <control controlID="197" controlTypeID="com.balsamiq.mockups::ComboBox" x="630" y="103" w="104" h="-1" measuredW="74" measuredH="23" zOrder="2" locked="false" isInGroup="-1">
      <controlProperties>
        <text>Suszec</text>
      </controlProperties>
    </control>
    <control controlID="198" controlTypeID="com.balsamiq.mockups::TextInput" x="747" y="99" w="-1" h="-1" measuredW="99" measuredH="27" zOrder="3" locked="false" isInGroup="-1">
      <controlProperties>
        <text>Szukaj%20po%20IMEI</text>
      </controlProperties>
    </control>
    <control controlID="199" controlTypeID="com.balsamiq.mockups::DataGrid" x="89" y="268" w="897" h="231" measuredW="267" measuredH="175" zOrder="15" locked="false" isInGroup="-1">
      <controlProperties>
        <rowHeight>30</rowHeight>
        <text>Marka%2C%20Model%2C%20Kolor%2C%20IMEI%0ANokia%2C%20551%2C%20Czarny%2C%2066345678923%0AApple%2C%20Iphone%2C%20Bialy%2C%201345476445%0AApple%2C%20Iphone%2C%20Bialy%2C%2078345667895%0AApple%2C%20Iphone%2C%20Bialy%2C%201345476445%0AApple%2C%20Iphone%2C%20Bialy%2C%2078345667895</text>
        <verticalScrollbar>true</verticalScrollbar>
      </controlProperties>
    </control>
    <control controlID="200" controlTypeID="com.balsamiq.mockups::PointyButton" x="880" y="226" w="-1" h="-1" measuredW="61" measuredH="27" zOrder="4" locked="false" isInGroup="-1">
      <controlProperties>
        <text>Wiecej</text>
      </controlProperties>
    </control>
    <control controlID="201" controlTypeID="com.balsamiq.mockups::PointyButton" x="880" y="258" w="-1" h="-1" measuredW="61" measuredH="27" zOrder="5" locked="false" isInGroup="-1">
      <controlProperties>
        <text>Wiecej</text>
      </controlProperties>
    </control>
    <control controlID="202" controlTypeID="com.balsamiq.mockups::PointyButton" x="880" y="287" w="-1" h="-1" measuredW="61" measuredH="27" zOrder="6" locked="false" isInGroup="-1">
      <controlProperties>
        <text>Wiecej</text>
      </controlProperties>
    </control>
    <control controlID="203" controlTypeID="com.balsamiq.mockups::PointyButton" x="880" y="312" w="-1" h="-1" measuredW="61" measuredH="27" zOrder="7" locked="false" isInGroup="-1">
      <controlProperties>
        <text>Wiecej</text>
      </controlProperties>
    </control>
    <control controlID="204" controlTypeID="com.balsamiq.mockups::Button" x="378" y="554" w="116" h="27" measuredW="108" measuredH="27" zOrder="8" locked="false" isInGroup="-1">
      <controlProperties>
        <text>Dodaj%20dostaw%u0119</text>
      </controlProperties>
    </control>
    <control controlID="205" controlTypeID="com.balsamiq.mockups::CheckBox" x="89" y="229" w="18" h="22" measuredW="26" measuredH="22" zOrder="9" locked="false" isInGroup="-1">
      <controlProperties>
        <text/>
      </controlProperties>
    </control>
    <control controlID="206" controlTypeID="com.balsamiq.mockups::CheckBox" x="89" y="261" w="18" h="22" measuredW="26" measuredH="22" zOrder="10" locked="false" isInGroup="-1">
      <controlProperties>
        <text/>
      </controlProperties>
    </control>
    <control controlID="207" controlTypeID="com.balsamiq.mockups::CheckBox" x="89" y="290" w="17" h="22" measuredW="26" measuredH="22" zOrder="11" locked="false" isInGroup="-1">
      <controlProperties>
        <text/>
      </controlProperties>
    </control>
    <control controlID="208" controlTypeID="com.balsamiq.mockups::CheckBox" x="89" y="317" w="18" h="22" measuredW="26" measuredH="22" zOrder="12" locked="false" isInGroup="-1">
      <controlProperties>
        <text/>
      </controlProperties>
    </control>
    <control controlID="210" controlTypeID="com.balsamiq.mockups::Button" x="509" y="555" w="86" h="27" measuredW="55" measuredH="27" zOrder="13" locked="false" isInGroup="-1">
      <controlProperties>
        <text>Anuluj</text>
      </controlProperties>
    </control>
    <control controlID="212" controlTypeID="com.balsamiq.mockups::FieldSet" x="82" y="167" w="913" h="365" measuredW="200" measuredH="170" zOrder="14" locked="false" isInGroup="-1">
      <controlProperties>
        <text>Nowa%20dostawa</text>
      </controlProperties>
    </control>
    <control controlID="215" controlTypeID="com.balsamiq.mockups::Label" x="96" y="190" w="-1" h="-1" measuredW="155" measuredH="21" zOrder="16" locked="false" isInGroup="-1">
      <controlProperties>
        <text>Data%20wej%u015Bcia%20do%20magazynu</text>
      </controlProperties>
    </control>
    <control controlID="216" controlTypeID="com.balsamiq.mockups::Label" x="96" y="228" w="-1" h="-1" measuredW="102" measuredH="21" zOrder="17" locked="false" isInGroup="-1">
      <controlProperties>
        <text>Nazwa%20dostawcy</text>
      </controlProperties>
    </control>
    <control controlID="217" controlTypeID="com.balsamiq.mockups::TextInput" x="299" y="186" w="163" h="-1" measuredW="80" measuredH="27" zOrder="18" locked="false" isInGroup="-1">
      <controlProperties>
        <text>2011-10-30</text>
      </controlProperties>
    </control>
    <control controlID="218" controlTypeID="com.balsamiq.mockups::TextInput" x="300" y="225" w="162" h="-1" measuredW="66" measuredH="27" zOrder="19" locked="false" isInGroup="-1">
      <controlProperties>
        <text>KRZYSZ</text>
      </controlProperties>
    </control>
  </controls>
</mockup>
