<mockup version="1.0" skin="sketch" measuredW="1011" measuredH="656" mockupW="959" mockupH="652">
  <controls>
    <control controlID="153" controlTypeID="com.balsamiq.mockups::BrowserWindow" x="52" y="4" w="959" h="652" measuredW="450" measuredH="400" zOrder="0" locked="false" isInGroup="-1">
      <controlProperties>
        <text>A%20Web%20Page%0Ahttp%3A//</text>
      </controlProperties>
    </control>
    <control controlID="154" controlTypeID="com.balsamiq.mockups::MenuBar" x="83" y="99" w="-1" h="-1" measuredW="535" measuredH="29" zOrder="1" locked="false" isInGroup="-1">
      <controlProperties>
        <selectedIndex>4</selectedIndex>
        <text>Magazyn%2C%20Archiwum%2C%20Historia%20operacji%2C%20Faktury%2C%20Reklamacje%2C%20Administracja</text>
      </controlProperties>
    </control>
    <control controlID="155" controlTypeID="com.balsamiq.mockups::ComboBox" x="630" y="103" w="104" h="-1" measuredW="74" measuredH="23" zOrder="2" locked="false" isInGroup="-1">
      <controlProperties>
        <text>Suszec</text>
      </controlProperties>
    </control>
    <control controlID="156" controlTypeID="com.balsamiq.mockups::TextInput" x="747" y="99" w="-1" h="-1" measuredW="99" measuredH="27" zOrder="3" locked="false" isInGroup="-1">
      <controlProperties>
        <text>Szukaj%20po%20IMEI</text>
      </controlProperties>
    </control>
    <control controlID="157" controlTypeID="com.balsamiq.mockups::DataGrid" x="83" y="201" w="888" h="210" measuredW="872" measuredH="145" zOrder="4" locked="false" isInGroup="-1">
      <controlProperties>
        <rowHeight>30</rowHeight>
        <text>Nazwa%20klienta%2C%20Status%20reklamacji%2C%20Cena%20zakupu%20%28suma%29%2C%20Cena%20sprzeda%u017Cy%28suma%29%2C%20IMEI%2C%20Przyjmuj%u0105cy%2C%20Data%20zg%u0142oszenia%0AZofia%20Ga%u015B%2C%20Przyj%u0119ta%2C%20340.00%20%24%2C%20%20470.0%20%24%2C%209876348834%2C%20Tomek%2C%202011-10-09%2C%20%20%20%5Bwi%u0119cej%5D%0APawe%u0142%20Kto%u015B%2C%20U%20producenta%2C%2054.00%20%24%2C%20%20770.00%20%24%2C%2023448863%2C%20%20Grze%u015B%2C%202011-10-10%2C%20%20%20%5Bwi%u0119cej%5D%0AAdam%20Biela%2C%20Rozpatrzona%2C%20440.00%20%24%2C%20%20480.00%20%24%2C%2094677481234%2C%20Grze%u015B%2C%202011-11-06%2C%20%20%20%5Bwi%u0119cej%5D%0AKrzysztof%20Bia%u0142ek%2C%20%20Przyj%u0119ta%2C%20210.00%20%24%2C%20%20440.00%20%24%2C%2056738292%2C%20Adam%2C%202011-11-01%2C%20%20%20%5Bwi%u0119cej%5D</text>
        <verticalScrollbar>true</verticalScrollbar>
      </controlProperties>
    </control>
    <control controlID="158" controlTypeID="com.balsamiq.mockups::PointyButton" x="895" y="225" w="-1" h="-1" measuredW="61" measuredH="27" zOrder="5" locked="false" isInGroup="-1">
      <controlProperties>
        <text>Wiecej</text>
      </controlProperties>
    </control>
    <control controlID="159" controlTypeID="com.balsamiq.mockups::PointyButton" x="895" y="258" w="-1" h="-1" measuredW="61" measuredH="27" zOrder="6" locked="false" isInGroup="-1">
      <controlProperties>
        <text>Wiecej</text>
      </controlProperties>
    </control>
    <control controlID="160" controlTypeID="com.balsamiq.mockups::PointyButton" x="895" y="287" w="-1" h="-1" measuredW="61" measuredH="27" zOrder="7" locked="false" isInGroup="-1">
      <controlProperties>
        <text>Wiecej</text>
      </controlProperties>
    </control>
    <control controlID="161" controlTypeID="com.balsamiq.mockups::PointyButton" x="895" y="316" w="-1" h="-1" measuredW="61" measuredH="27" zOrder="8" locked="false" isInGroup="-1">
      <controlProperties>
        <text>Wiecej</text>
      </controlProperties>
    </control>
  </controls>
</mockup>
