<mockup version="1.0" skin="sketch" measuredW="1016" measuredH="693" mockupW="959" mockupH="693">
  <controls>
    <control controlID="195" controlTypeID="com.balsamiq.mockups::BrowserWindow" x="57" y="0" w="959" h="693" measuredW="450" measuredH="400" zOrder="0" locked="false" isInGroup="-1">
      <controlProperties>
        <text>A%20Web%20Page%0Ahttp%3A//</text>
      </controlProperties>
    </control>
    <control controlID="196" controlTypeID="com.balsamiq.mockups::MenuBar" x="83" y="99" w="-1" h="-1" measuredW="535" measuredH="29" zOrder="1" locked="false" isInGroup="-1">
      <controlProperties>
        <selectedIndex>0</selectedIndex>
        <text>Magazyn%2C%20Archiwum%2C%20Historia%20operacji%2C%20Faktury%2C%20Reklamacje%2C%20Administracja</text>
      </controlProperties>
    </control>
    <control controlID="197" controlTypeID="com.balsamiq.mockups::ComboBox" x="630" y="103" w="104" h="-1" measuredW="74" measuredH="23" zOrder="2" locked="false" isInGroup="-1">
      <controlProperties>
        <text>Suszec</text>
      </controlProperties>
    </control>
    <control controlID="198" controlTypeID="com.balsamiq.mockups::TextInput" x="747" y="99" w="-1" h="-1" measuredW="99" measuredH="27" zOrder="3" locked="false" isInGroup="-1">
      <controlProperties>
        <text>Szukaj%20po%20IMEI</text>
      </controlProperties>
    </control>
    <control controlID="200" controlTypeID="com.balsamiq.mockups::PointyButton" x="880" y="226" w="-1" h="-1" measuredW="61" measuredH="27" zOrder="4" locked="false" isInGroup="-1">
      <controlProperties>
        <text>Wiecej</text>
      </controlProperties>
    </control>
    <control controlID="201" controlTypeID="com.balsamiq.mockups::PointyButton" x="880" y="258" w="-1" h="-1" measuredW="61" measuredH="27" zOrder="5" locked="false" isInGroup="-1">
      <controlProperties>
        <text>Wiecej</text>
      </controlProperties>
    </control>
    <control controlID="202" controlTypeID="com.balsamiq.mockups::PointyButton" x="880" y="287" w="-1" h="-1" measuredW="61" measuredH="27" zOrder="6" locked="false" isInGroup="-1">
      <controlProperties>
        <text>Wiecej</text>
      </controlProperties>
    </control>
    <control controlID="203" controlTypeID="com.balsamiq.mockups::PointyButton" x="880" y="312" w="-1" h="-1" measuredW="61" measuredH="27" zOrder="7" locked="false" isInGroup="-1">
      <controlProperties>
        <text>Wiecej</text>
      </controlProperties>
    </control>
    <control controlID="204" controlTypeID="com.balsamiq.mockups::Button" x="352" y="616" w="140" h="27" measuredW="105" measuredH="27" zOrder="8" locked="false" isInGroup="-1">
      <controlProperties>
        <text>Zapisz%20zmiany</text>
      </controlProperties>
    </control>
    <control controlID="205" controlTypeID="com.balsamiq.mockups::CheckBox" x="89" y="229" w="18" h="22" measuredW="26" measuredH="22" zOrder="9" locked="false" isInGroup="-1">
      <controlProperties>
        <text/>
      </controlProperties>
    </control>
    <control controlID="206" controlTypeID="com.balsamiq.mockups::CheckBox" x="89" y="261" w="18" h="22" measuredW="26" measuredH="22" zOrder="10" locked="false" isInGroup="-1">
      <controlProperties>
        <text/>
      </controlProperties>
    </control>
    <control controlID="207" controlTypeID="com.balsamiq.mockups::CheckBox" x="89" y="290" w="17" h="22" measuredW="26" measuredH="22" zOrder="11" locked="false" isInGroup="-1">
      <controlProperties>
        <text/>
      </controlProperties>
    </control>
    <control controlID="208" controlTypeID="com.balsamiq.mockups::CheckBox" x="89" y="317" w="18" h="22" measuredW="26" measuredH="22" zOrder="12" locked="false" isInGroup="-1">
      <controlProperties>
        <text/>
      </controlProperties>
    </control>
    <control controlID="210" controlTypeID="com.balsamiq.mockups::Button" x="500" y="615" w="152" h="27" measuredW="142" measuredH="27" zOrder="13" locked="false" isInGroup="-1">
      <controlProperties>
        <text>Powr%F3t%20do%20magazynu</text>
      </controlProperties>
    </control>
    <control controlID="212" controlTypeID="com.balsamiq.mockups::FieldSet" x="82" y="167" w="913" h="236" measuredW="200" measuredH="170" zOrder="14" locked="false" isInGroup="-1">
      <controlProperties>
        <text>Szczeg%F3%u0142y%20telefonu</text>
      </controlProperties>
    </control>
    <control controlID="215" controlTypeID="com.balsamiq.mockups::Label" x="96" y="190" w="-1" h="-1" measuredW="155" measuredH="21" zOrder="15" locked="false" isInGroup="-1">
      <controlProperties>
        <text>Data%20wej%u015Bcia%20do%20magazynu</text>
      </controlProperties>
    </control>
    <control controlID="216" controlTypeID="com.balsamiq.mockups::Label" x="96" y="226" w="-1" h="-1" measuredW="102" measuredH="21" zOrder="16" locked="false" isInGroup="-1">
      <controlProperties>
        <text>Nazwa%20dostawcy</text>
      </controlProperties>
    </control>
    <control controlID="217" controlTypeID="com.balsamiq.mockups::TextInput" x="299" y="186" w="163" h="-1" measuredW="80" measuredH="27" zOrder="17" locked="false" isInGroup="-1">
      <controlProperties>
        <text>2011-10-30</text>
      </controlProperties>
    </control>
    <control controlID="218" controlTypeID="com.balsamiq.mockups::TextInput" x="299" y="225" w="162" h="-1" measuredW="66" measuredH="27" zOrder="18" locked="false" isInGroup="-1">
      <controlProperties>
        <text>KRZYSZ</text>
      </controlProperties>
    </control>
    <control controlID="219" controlTypeID="com.balsamiq.mockups::Label" x="96" y="260" w="-1" h="-1" measuredW="40" measuredH="21" zOrder="19" locked="false" isInGroup="-1">
      <controlProperties>
        <text>Model</text>
      </controlProperties>
    </control>
    <control controlID="220" controlTypeID="com.balsamiq.mockups::Label" x="98" y="289" w="-1" h="-1" measuredW="41" measuredH="21" zOrder="20" locked="false" isInGroup="-1">
      <controlProperties>
        <text>Marka</text>
      </controlProperties>
    </control>
    <control controlID="221" controlTypeID="com.balsamiq.mockups::Label" x="98" y="323" w="-1" h="-1" measuredW="35" measuredH="21" zOrder="21" locked="false" isInGroup="-1">
      <controlProperties>
        <text>Kolor</text>
      </controlProperties>
    </control>
    <control controlID="222" controlTypeID="com.balsamiq.mockups::Label" x="98" y="354" w="-1" h="-1" measuredW="32" measuredH="21" zOrder="22" locked="false" isInGroup="-1">
      <controlProperties>
        <text>IMEI</text>
      </controlProperties>
    </control>
    <control controlID="223" controlTypeID="com.balsamiq.mockups::TextInput" x="299" y="257" w="163" h="-1" measuredW="79" measuredH="27" zOrder="23" locked="false" isInGroup="-1">
      <controlProperties>
        <text/>
      </controlProperties>
    </control>
    <control controlID="224" controlTypeID="com.balsamiq.mockups::TextInput" x="299" y="286" w="163" h="-1" measuredW="79" measuredH="27" zOrder="24" locked="false" isInGroup="-1">
      <controlProperties>
        <text/>
      </controlProperties>
    </control>
    <control controlID="225" controlTypeID="com.balsamiq.mockups::TextInput" x="299" y="319" w="163" h="-1" measuredW="79" measuredH="27" zOrder="25" locked="false" isInGroup="-1">
      <controlProperties>
        <text/>
      </controlProperties>
    </control>
    <control controlID="226" controlTypeID="com.balsamiq.mockups::TextInput" x="299" y="350" w="163" h="-1" measuredW="79" measuredH="27" zOrder="26" locked="false" isInGroup="-1">
      <controlProperties>
        <text/>
      </controlProperties>
    </control>
    <control controlID="227" controlTypeID="com.balsamiq.mockups::FieldSet" x="83" y="434" w="907" h="168" measuredW="200" measuredH="170" zOrder="27" locked="false" isInGroup="-1">
      <controlProperties>
        <text>Historia%20telefonu</text>
      </controlProperties>
    </control>
    <control controlID="228" controlTypeID="com.balsamiq.mockups::DataGrid" x="96" y="460" w="877" h="121" measuredW="803" measuredH="115" zOrder="28" locked="false" isInGroup="-1">
      <controlProperties>
        <text>Data%2C%20Czynno%u015B%u0107%2C%20Przez%20kogo%2C%20Szczeg%F3%u0142y%0A2011-10-10%2C%20Dodanie%20do%20magazynu%2C%20Grzegorz%20Kuczera%2C%20Telefon%20trafi%u0142%20do%20sklepu%20Suszec.%20Dostawc%u0105%20by%u0142%20KRZYSZ.%0A2011-11-01%2C%20Sprzeda%u017C%2C%20Tomasz%2C%20Telefon%20zosta%u0142%20sprzedany%20za%20kwot%u0119%201250.00%20z%u0142%20do%20klienta%20Andrzej%20Czerwi%u0144ski%0A2012-01-10%2C%20Reklamacja%2C%20Grzegorz%20Kuczera%2C%20Telefon%20trafi%u0142%20do%20reklamacji%20%28status%3A%20U%20producenta%29</text>
      </controlProperties>
    </control>
  </controls>
</mockup>
